:START_ID(Application),:END_ID(Address)
38098114,1
36805548,2
37842129,3
37612354,4
37662224,5
37822187,6
37741884,7
37854444,8
36804663,9
37642222,10
37701596,11
37800722,12
37682226,13
37712169,14
37742129,15
37742142,16
36520573,17
37854423,18
37822018,19
37752109,20
36441833,21
37611006,22
37822020,23
37740199,24
36280613,25
36109709,26
37791988,27
37822030,28
37692106,29
37832099,30
37622029,31
37661949,32
37681488,33
37742002,34
37631679,35
37731951,36
37631992,37
37681595,38
37751772,39
37692004,40
37631762,41
37791982,42
37651933,43
37791971,44
37651870,45
37612142,46
37742008,47
10089665,48
37651881,49
37811785,50
37802003,51
37077753,52
37661932,53
37711991,12
37702003,55
37641966,56
37692013,57
37661950,58
37791945,59
37661936,60
37641656,61
37791995,62
37782066,63
37612144,64
37841931,65
37610751,66
37831998,67
37791865,68
37612112,69
37720651,70
37601829,71
37802030,72
37761127,73
37721473,51
37782131,75
36890155,76
37831974,77
37681956,78
36400279,79
37197554,80
37691930,81
36803735,82
37801983,83
37681948,84
37691945,85
37621910,86
37601999,87
37701933,88
37841841,12
37671926,90
37711908,91
37691941,92
37681444,93
37831861,53
37841743,95
37752007,96
37761915,97
37701906,98
454052,99
26298574,100
37671937,101
34372079,102
37751999,103
37791882,104
37800170,105
37267592,87
37671924,107
37741891,108
37771886,109
37691982,110
37691975,111
37641921,112
37621901,38
37661861,114
37641666,115
37782025,114
37661855,95
37761908,118
37641959,60
37601979,120
37681953,121
37721926,16
37731902,60
37771899,124
37701472,6
37612040,126
37731824,42
37701802,128
37771879,129
37641406,130
37641837,131
37751916,132
37631861,133
37841820,134
37407156,135
37831843,136
37791794,4
37821851,138
37631842,139
37681636,81
37620367,141
37711880,142
37821880,143
37854137,144
37731834,145
37691888,43
37761254,147
37681895,148
37661840,149
37631915,150
37761067,151
37761825,152
37651796,153
37631862,154
37681180,155
37700576,5
37831927,157
37621870,158
37751902,159
37781998,160
37731712,95
12389132,162
37701788,163
36039306,164
37781682,165
37651768,95
37108024,159
37831854,168
37641820,169
37641816,164
37761758,171
37651728,43
37791793,173
37821828,174
37781827,175
37641861,176
37771373,177
37854157,178
37831894,179
37661785,180
37720167,181
37681303,182
37761813,183
37317684,184
37801803,185
37611935,186
35938486,187
37611926,154
37761759,189
37611902,30
37761762,191
37611953,5
37681800,193
37781880,194
37721789,50
37810302,196
37751868,141
37741749,198
37841668,199
37791772,200
37701767,201
37691855,202
37691828,203
37821783,204
37711779,114
37611956,206
37791739,207
37751688,208
37811886,209
37631791,210
37791796,211
37611950,212
37811869,213
37660990,66
37611594,215
37831775,216
37631833,217
37801825,218
37731794,32
37741729,220
37611938,221
37831802,222
37781916,223
37601891,224
37267850,225
37641760,226
37701777,227
37701779,60
37721827,229
37630954,230
37831821,231
37821792,211
37741543,233
37741751,234
37711792,235
36421136,236
37671760,82
37661707,164
37691807,111
37751847,77
37631787,241
36039943,242
37831763,243
37601834,244
37821666,245
21149906,246
37731677,247
37781367,248
37611805,45
37781802,250
37701740,251
37841694,252
37661655,60
37801612,254
37701724,255
33341779,256
35823892,257
37601820,258
37601819,259
37771756,211
37630961,261
37801349,262
37820667,263
37811804,264
37811787,265
37791691,266
37751794,267
37801815,268
37650565,269
31396726,270
37821702,271
37751815,272
37831666,273
37811463,182
37711705,275
37621731,276
37761717,277
37681700,278
37691744,279
37711739,280
37781808,154
37751780,282
37701695,272
37821675,16
37771728,285
37671710,286
37741668,287
37741676,288
37771735,289
37811728,290
37610762,291
37711575,292
11335677,293
37791711,271
37611597,271
37811578,296
36733172,297
37791710,298
37651670,299
37841659,300
37681714,233
37751822,302
37621715,303
37711374,304
37821698,91
37841687,141
37731698,307
37761751,308
37641687,26
37601791,310
37821701,311
37741195,129
37711652,5
37690495,314
37661596,292
37751726,316
37781726,317
37731640,318
37691114,319
37681655,320
37731642,321
37621640,12
37631470,323
37077809,324
37601725,44
37681666,98
37781781,108
37217579,328
37821608,329
37831402,330
37801656,331
37177831,332
37811713,333
37701628,114
36802944,87
37821618,336
37640708,337
37641457,338
37841570,339
37751107,340
37831639,320
37731637,342
37711640,343
37701646,273
17343158,345
37671673,346
37631658,347
37721682,348
37721677,211
37601716,350
37067173,32
36803487,276
37691724,353
37641672,75
37127479,215
37077276,356
37711641,12
37791598,358
37671674,250
37328751,360
37600949,361
37830850,87
37761657,363
37177841,107
37841594,365
37841552,366
37631643,340
37831674,77
37651617,369
37800583,370
37831116,181
37691383,18
37741625,373
37761508,374
37600999,31
37681641,376
37771658,267
36059066,378
37741604,153
37681573,95
37427158,164
37127806,66
37751705,383
37831571,261
37751675,329
37831563,386
37741569,387
36733453,210
37601651,389
37651582,32
37801674,391
37721599,392
37671599,393
37711588,394
37751666,395
37771625,396
37641601,397
37770653,398
37721612,399
37671618,400
37621626,401
37841535,402
37801684,403
37227811,207
37631586,405
36280834,141
37761587,407
37731386,408
37671600,409
37661476,410
37671634,411
36201550,412
37631629,413
37831594,414
37641562,157
37701556,320
37601676,417
37711626,209
37761091,329
37781712,420
37701058,421
33411541,422
37671596,346
37811675,269
37641556,150
37841522,426
37611667,427
37661538,428
37661489,429
36743141,363
37781631,431
37811432,30
37711546,143
37821538,222
37631545,168
37661515,248
37831519,437
37611619,438
37611658,244
37640670,440
37761536,211
37711552,442
37681551,72
37611643,444
37661500,160
37671547,82
36371569,95
37821530,448
37681471,449
37147785,95
36801601,300
37700204,452
37680182,453
37661431,79
37641524,455
37771542,16
37107399,44
37691519,458
37681531,141
37841472,460
37761554,398
37741493,462
37841457,463
37621574,203
37621413,465
37601615,466
37631536,467
37800296,468
37611270,431
37601584,189
37751576,323
37841448,24
37741487,152
37751428,474
37711505,131
37751566,476
37701521,477
37611567,478
37811568,479
37621531,169
37641514,49
37731460,82
37781596,483
37681506,32
37841426,103
37751480,405
37107234,413
37781601,60
37701519,489
36119630,490
37831494,115
37711500,492
37740668,493
37711490,494
37641481,495
37821463,87
37831469,366
37701318,422
37601591,501
37621233,225
36860143,503
37671503,504
37631502,154
37841429,506
37800714,15
37831471,233
37611593,509
36331431,510
37821494,511
32349399,275
37831477,318
37841428,318
37761295,515
37751581,516
37721518,517
37621513,417
37711464,519
37821455,142
37721502,14
37771471,234
37701461,87
37830811,272
37821450,256
37641448,338
37711472,527
36220470,225
37720929,529
37701495,530
37661426,531
37611559,490
37621480,529
36119381,150
37801531,182
37631465,16
37631457,393
37207932,538
37661445,539
37761468,324
37611376,541
37801300,542
37821449,543
37831444,141
37731416,545
37611542,222
37621461,12
37621487,18
37601076,417
36801518,452
36281033,14
36019516,552
37671420,366
37731356,554
37771432,555
37621463,556
16402028,264
37741416,558
37741435,221
37721438,560
37751532,561
37771406,562
37711459,1
37641419,41
37690957,565
37811487,141
37620902,567
37631405,568
37671430,569
36797598,570
37751483,571
37651351,207
37691484,75
37841375,574
37641398,132
37641397,82
37691476,5
37771414,578
37761440,579
37801484,580
37791356,581
37831382,582
37651373,14
37601500,584
37731388,585
37751449,586
37631386,467
37800346,588
37781483,589
37701396,590
37601439,184
37831333,169
37751452,593
37841350,176
37831271,595
37631404,405
37811403,597
37731349,598
37771369,271
37711377,347
37601467,601
37701407,602
36631183,603
37681359,462
37791297,605
37741410,606
37631364,607
37601389,104
37631387,112
37681188,610
37761406,107
37751281,212
37721420,613
37771351,614
37641363,615
37631378,81
37721392,617
37671407,110
37691440,619
37821372,159
37601493,621
37821382,339
37800951,623
37701404,288
37601478,8
37601480,144
37651345,627
37801469,628
37641358,234
37841343,466
37127527,631
37287167,272
37651327,598
37731313,275
37651312,635
37681309,636
37147634,637
37651287,638
37701328,417
37741369,640
37801410,112
37630860,642
37701377,643
37327544,4
36361523,645
37840854,646
37771333,272
37821331,242
37771331,14
37711348,107
37701332,405
37641323,147
37811391,653
37741341,654
37671369,655
37841307,41
37601423,657
35763229,395
37811352,659
37801417,401
36049003,661
37690814,463
37821318,149
37741326,664
37681342,665
37711342,405
37631325,370
37671328,155
37791306,259
37611397,670
37731243,541
37671298,672
37077921,346
37691384,674
37811389,675
37621371,268
37661348,92
37721383,186
37841314,679
37831326,16
37791309,681
37741374,682
37711341,643
37811405,684
37771322,685
37611403,686
37611437,339
37681338,131
37841313,59
37307321,289
37661355,691
37711350,154
35854056,75
37801423,694
37781409,695
37831302,43
37831296,697
37631346,91
37621249,699
37791282,700
37761323,21
